,Id,Grupo,Prob
0,3,2,1.0
1,4,0,0.6746060616735922
2,5,10,1.0
3,6,10,1.0
4,7,10,0.7994097909936698
5,8,2,0.4813711360372738
6,9,10,1.0
7,10,10,1.0
8,11,-1,0.0
9,12,-1,0.0
10,13,10,1.0
11,14,9,0.9769315266513265
12,15,2,1.0
13,16,10,1.0
14,17,10,1.0
15,18,2,0.8532344045891403
16,19,-1,0.0
17,20,3,0.8728732193491039
18,21,10,0.847259223223663
19,22,10,1.0
20,23,10,1.0
21,25,-1,0.0
22,26,2,0.13307854334359653
23,27,-1,0.0
24,28,10,1.0
25,29,10,1.0
26,30,10,1.0
27,31,8,0.8964664839294747
28,32,10,1.0
29,33,10,1.0
30,34,10,1.0
31,35,10,1.0
32,36,9,1.0
33,37,2,1.0
34,38,-1,0.0
35,39,10,0.9093862364154464
36,40,0,0.8308018442448145
37,41,10,0.7552514840905021
38,42,-1,0.0
39,43,-1,0.0
40,44,10,1.0
41,45,-1,0.0
42,46,1,1.0
43,47,10,1.0
44,48,4,1.0
45,49,10,1.0
46,50,10,1.0
47,51,10,1.0
48,52,-1,0.0
49,53,10,1.0
50,54,-1,0.0
51,55,10,1.0
52,56,10,1.0
53,57,2,0.8602141512485715
54,58,10,1.0
55,59,4,1.0
56,60,10,1.0
57,61,10,1.0
58,62,-1,0.0
59,63,10,1.0
60,64,-1,0.0
61,65,2,0.4813711360372738
62,66,9,0.9800093983653816
63,67,9,0.9467402687599183
64,68,10,1.0
65,69,2,1.0
66,70,6,1.0
67,71,10,1.0
68,72,10,1.0
69,73,10,1.0
70,74,10,1.0
71,75,-1,0.0
72,76,-1,0.0
73,77,10,1.0
74,78,-1,0.0
75,79,3,1.0
76,80,-1,0.0
77,81,10,1.0
78,82,2,0.43637853545148436
79,83,2,1.0
80,84,10,1.0
81,85,10,1.0
82,86,10,1.0
83,87,10,1.0
84,88,10,1.0
85,89,-1,0.0
86,90,-1,0.0
87,91,-1,0.0
88,92,2,0.32725518865206543
89,93,10,1.0
90,94,10,1.0
91,95,3,0.8492263084652696
92,96,2,1.0
93,97,10,0.9093862364154464
94,98,10,1.0
95,99,-1,0.0
96,100,-1,0.0
97,101,10,1.0
98,102,-1,0.0
99,103,2,0.8041579102224673
100,104,2,0.28041887484895994
101,105,-1,0.0
102,106,0,0.6278326998082898
103,107,2,0.4230937367782099
104,108,-1,0.0
105,109,8,0.9159513739818543
106,110,2,0.9342708642759475
107,111,2,0.6021318316193741
108,112,10,1.0
109,113,10,0.9824654495045598
110,114,10,1.0
111,115,-1,0.0
112,116,10,1.0
113,117,10,1.0
114,118,10,1.0
115,119,10,1.0
116,120,-1,0.0
117,121,10,1.0
118,122,10,1.0
119,123,-1,0.0
120,124,0,1.0
121,125,8,1.0
122,126,10,1.0
123,127,10,1.0
124,128,10,1.0
125,129,10,1.0
126,130,9,0.9629538023909564
127,131,2,0.882484402423582
128,132,10,1.0
129,133,10,0.6284154631171656
130,134,-1,0.0
131,135,10,1.0
132,136,-1,0.0
133,137,3,1.0
134,138,10,1.0
135,139,10,1.0
136,140,4,0.9840559795660191
137,141,10,1.0
138,142,2,0.363935927244921
139,144,-1,0.0
140,145,-1,0.0
141,146,-1,0.0
142,147,-1,0.0
143,148,-1,0.0
144,149,2,0.9845084669654188
145,150,-1,0.0
146,151,2,0.8170161944621451
147,152,2,0.5539774282139391
148,153,0,0.5216695180932485
149,154,10,0.7065707690336852
150,155,10,1.0
151,156,2,0.27428479707951087
152,158,2,1.0
153,159,-1,0.0
154,160,10,1.0
155,161,10,1.0
156,162,10,1.0
157,163,6,0.98964998718544
158,164,-1,0.0
159,165,10,1.0
160,166,2,0.2853018561552651
161,167,2,0.9169404752808126
162,168,0,1.0
163,169,10,1.0
164,170,3,1.0
165,171,0,0.8118735226280098
166,172,-1,0.0
167,173,0,0.7604137614610069
168,174,10,1.0
169,175,3,0.8233209043800152
170,176,-1,0.0
171,177,0,0.6970392027594219
172,178,-1,0.0
173,179,-1,0.0
174,180,-1,0.0
175,181,-1,0.0
176,182,10,1.0
177,183,10,1.0
178,184,10,1.0
179,185,10,1.0
180,186,10,1.0
181,187,10,0.9093862364154464
182,188,10,1.0
183,189,-1,0.0
184,190,10,1.0
185,191,2,1.0
186,192,10,1.0
187,193,-1,0.0
188,194,2,0.2779223865178663
189,195,2,0.4552978169418074
190,196,3,1.0
191,197,-1,0.0
192,198,0,0.9834302547096652
193,199,2,0.7754515435875742
194,200,2,0.17135827106654822
195,201,10,1.0
196,202,9,1.0
197,203,-1,0.0
198,204,2,0.13912962106843554
199,205,-1,0.0
200,206,2,0.9072819775520607
201,207,2,1.0
202,208,7,1.0
203,209,10,1.0
204,210,10,1.0
205,211,-1,0.0
206,212,-1,0.0
207,213,10,1.0
208,214,2,0.3189768427411429
209,215,10,1.0
210,216,-1,0.0
211,217,-1,0.0
212,218,10,1.0
213,219,-1,0.0
214,220,10,1.0
215,221,10,1.0
216,222,-1,0.0
217,223,0,1.0
218,224,10,0.617544111241496
219,225,10,1.0
220,226,2,0.7288340459112169
221,227,10,1.0
222,228,10,1.0
223,229,-1,0.0
224,230,0,0.6312185678635718
225,231,-1,0.0
226,232,-1,0.0
227,233,-1,0.0
228,234,-1,0.0
229,235,-1,0.0
230,236,10,1.0
231,237,-1,0.0
232,238,10,1.0
233,239,-1,0.0
234,240,10,1.0
235,241,2,0.7894786803904101
236,242,2,0.9236083087518041
237,243,2,0.9256431614110081
238,244,3,0.9518613636586556
239,245,2,0.48608007486417787
240,246,10,1.0
241,247,2,1.0
242,248,10,1.0
243,249,10,1.0
244,250,10,1.0
245,251,-1,0.0
246,252,-1,0.0
247,253,10,0.9093862364154464
248,254,10,1.0
249,255,5,1.0
250,256,9,0.9799075088158008
251,257,10,1.0
252,258,2,0.5917396811304031
253,259,10,1.0
254,260,7,1.0
255,261,10,0.9093862364154464
256,262,10,1.0
257,263,10,0.9093862364154464
258,264,10,0.9660964649851861
259,265,2,0.47091100671114633
260,266,8,0.9141017812465303
261,267,0,0.6746060616735922
262,268,0,1.0
263,269,10,1.0
264,270,2,0.8563082827641663
265,271,4,0.9932219638296448
266,272,10,1.0
267,273,10,1.0
268,274,10,1.0
269,275,10,1.0
270,276,-1,0.0
271,277,-1,0.0
272,278,9,1.0
273,279,10,1.0
274,280,10,1.0
275,281,0,0.6844780083467447
276,282,10,1.0
277,283,10,1.0
278,285,-1,0.0
279,286,0,0.5196882763043726
280,287,0,0.6554043406444752
281,288,-1,0.0
282,292,2,0.8339921290768332
283,293,10,1.0
284,294,10,0.9439632500632308
285,295,-1,0.0
286,296,5,0.9520836900612244
287,297,-1,0.0
288,298,1,1.0
289,299,-1,0.0
290,300,10,1.0
291,301,5,0.922176895620054
292,302,-1,0.0
293,303,10,1.0
294,304,6,1.0
295,305,10,0.8385094219528958
296,306,-1,0.0
297,307,-1,0.0
298,308,5,1.0
299,309,-1,0.0
300,310,5,0.9824522531953077
301,311,-1,0.0
302,312,-1,0.0
303,313,3,1.0
304,314,10,1.0
305,315,2,0.20527863365651217
306,316,-1,0.0
307,317,2,0.407328930968161
308,318,10,1.0
309,319,10,1.0
310,320,3,0.9992652907725175
311,321,9,0.9920425418278347
312,322,2,0.46987996035383695
313,323,10,0.8708631998356298
314,324,-1,0.0
315,325,10,0.9093862364154464
316,326,10,1.0
317,327,10,1.0
318,328,2,0.37744918017294293
319,329,-1,0.0
320,330,10,1.0
321,331,2,0.9256431614110081
322,332,-1,0.0
323,333,10,1.0
324,334,2,0.2853018561552651
325,335,10,1.0
326,336,2,0.5922431744111253
327,337,10,1.0
328,338,10,1.0
329,339,10,1.0
330,340,2,0.48518289765520106
331,341,10,1.0
332,342,2,0.33226735170249727
333,343,-1,0.0
334,345,2,1.0
335,346,3,0.8255467903162507
336,347,10,1.0
337,349,2,0.7575129901641663
338,350,10,1.0
339,351,-1,0.0
340,352,-1,0.0
341,353,10,1.0
342,354,10,1.0
343,355,10,1.0
344,356,10,0.9302192549918472
345,358,10,1.0
346,359,2,0.12818766674401377
347,360,-1,0.0
348,361,-1,0.0
349,362,-1,0.0
350,363,-1,0.0
351,364,-1,0.0
352,365,-1,0.0
353,366,8,1.0
354,367,-1,0.0
355,368,-1,0.0
356,372,2,0.4230927974595691
357,373,7,0.9845799553241978
358,374,1,1.0
359,375,2,0.576990989556147
360,376,10,1.0
361,377,10,1.0
362,378,7,1.0
363,379,10,1.0
364,380,-1,0.0
365,381,0,0.565173000537538
366,382,-1,0.0
367,383,-1,0.0
368,384,10,1.0
369,385,2,1.0
370,386,-1,0.0
371,388,10,1.0
372,389,-1,0.0
373,390,-1,0.0
374,391,10,1.0
375,392,10,1.0
376,393,10,1.0
377,394,10,1.0
378,395,2,0.9256431614110081
379,396,2,0.3718645615558858
380,397,10,1.0
381,398,-1,0.0
382,400,-1,0.0
383,401,-1,0.0
384,402,8,0.9379782604328537
385,403,10,1.0
386,404,2,0.8589604766097888
387,405,1,0.9931259424672241
388,406,1,1.0
389,407,10,1.0
390,408,10,1.0
391,409,10,1.0
392,410,10,1.0
393,411,-1,0.0
394,412,10,1.0
395,413,-1,0.0
396,414,-1,0.0
397,415,10,0.8018966410495761
398,416,-1,0.0
399,417,10,1.0
400,418,-1,0.0
401,419,2,0.7338672211896977
402,420,10,1.0
403,422,10,1.0
404,423,10,1.0
405,424,-1,0.0
406,425,9,1.0
407,426,-1,0.0
408,427,-1,0.0
409,428,-1,0.0
410,429,10,0.715418970922284
411,430,2,0.9142856816439611
412,431,10,1.0
413,432,-1,0.0
414,433,10,1.0
415,434,-1,0.0
416,435,-1,0.0
417,436,6,0.8915508336719843
418,437,-1,0.0
419,438,-1,0.0
420,439,-1,0.0
421,440,10,1.0
422,441,8,1.0
423,442,5,0.933841706031761
424,443,2,1.0
425,444,10,1.0
426,446,-1,0.0
427,447,-1,0.0
428,448,-1,0.0
429,449,2,0.536688577031336
430,450,1,1.0
431,451,10,1.0
432,452,0,0.6797783711425722
433,453,6,1.0
434,456,10,1.0
435,457,-1,0.0
436,458,3,1.0
437,459,10,1.0
438,460,10,1.0
439,461,-1,0.0
440,462,9,1.0
441,463,10,1.0
442,464,10,1.0
443,465,-1,0.0
444,466,-1,0.0
445,467,10,1.0
446,468,2,0.14876801406978557
447,469,2,0.5920723097521413
448,470,6,1.0
449,471,-1,0.0
450,472,10,1.0
451,473,7,1.0
452,474,-1,0.0
453,475,-1,0.0
454,476,-1,0.0
455,477,10,1.0
456,478,-1,0.0
457,479,-1,0.0
458,480,10,1.0
459,481,-1,0.0
460,482,10,1.0
461,483,10,1.0
462,484,-1,0.0
463,485,10,1.0
464,486,10,1.0
465,487,10,0.9093862364154464
466,488,1,0.9679353398919617
467,489,-1,0.0
468,490,2,0.36032992583750284
469,491,10,1.0
470,492,-1,0.0
471,493,2,0.3199280161963559
472,494,-1,0.0
473,495,-1,0.0
474,496,10,0.87194411650954
475,497,10,1.0
476,498,10,0.9093862364154464
477,499,10,1.0
478,500,10,1.0
479,501,2,1.0
480,502,-1,0.0
481,503,-1,0.0
482,504,2,0.17278554127264475
483,505,-1,0.0
484,506,3,0.9667967777411357
485,507,10,1.0
486,508,10,1.0
487,509,-1,0.0
488,510,10,1.0
489,511,8,1.0
490,512,-1,0.0
491,513,10,1.0
492,514,2,0.7943107265246585
493,515,-1,0.0
494,516,10,1.0
495,517,-1,0.0
496,518,10,1.0
497,519,10,0.7320738600275433
498,520,2,1.0
499,521,10,1.0
500,522,10,0.7233891137470585
501,523,-1,0.0
502,524,-1,0.0
503,525,9,0.926361302677808
504,526,10,1.0
505,527,2,0.7359705581591174
506,528,0,1.0
507,529,10,1.0
508,530,2,0.15550084229392058
509,531,-1,0.0
510,532,10,0.7624464896158926
511,533,-1,0.0
512,534,10,1.0
513,535,1,1.0
514,536,10,1.0
515,537,2,0.376712123859425
516,538,10,1.0
517,539,-1,0.0
518,541,10,1.0
519,542,2,0.7591991574428564
520,543,7,1.0
521,544,2,0.815016757588588
522,546,-1,0.0
523,547,3,1.0
524,548,-1,0.0
525,549,2,1.0
526,550,10,1.0
527,551,-1,0.0
528,552,-1,0.0
529,553,-1,0.0
530,554,10,1.0
531,555,10,1.0
532,556,10,1.0
533,557,8,0.9940636363780957
534,558,0,1.0
535,559,10,1.0
536,560,5,1.0
537,561,3,1.0
538,562,2,1.0
539,563,-1,0.0
540,564,2,0.41781184084677175
541,565,-1,0.0
542,566,-1,0.0
543,567,2,0.17709685812096154
544,568,-1,0.0
545,569,10,1.0
546,570,10,1.0
547,571,10,1.0
548,572,10,0.8883191091891174
549,573,4,0.9740711766701897
550,574,-1,0.0
551,575,10,1.0
552,576,-1,0.0
553,577,10,1.0
554,578,10,1.0
555,579,10,0.9093862364154464
556,580,10,1.0
557,581,10,1.0
558,582,-1,0.0
559,583,-1,0.0
560,584,6,1.0
561,585,8,1.0
562,586,10,0.589596319712852
563,587,10,1.0
564,588,-1,0.0
565,589,4,1.0
566,590,10,1.0
567,591,0,0.636656759790266
568,592,0,1.0
569,593,0,0.8815713713193001
570,594,2,0.6018800456384586
571,595,10,1.0
572,596,10,1.0
573,597,0,1.0
574,598,5,1.0
575,599,10,1.0
576,600,10,1.0
577,601,6,1.0
578,602,-1,0.0
579,603,2,0.2745628529136203
580,604,3,0.8893103738238101
581,605,-1,0.0
582,606,1,1.0
583,607,2,0.5961510561668723
584,608,10,1.0
585,609,10,1.0
586,610,10,1.0
587,611,-1,0.0
588,612,0,1.0
589,613,10,1.0
590,614,-1,0.0
591,615,-1,0.0
592,616,10,1.0
593,617,0,1.0
594,618,10,1.0
595,619,3,0.9503921763912634
596,620,2,0.43712842923663664
597,621,10,1.0
598,622,10,1.0
599,623,10,0.9543472605458037
600,624,1,0.9775317306773399
601,625,3,0.8228039189770062
602,626,-1,0.0
603,627,9,1.0
604,628,2,0.24708187902084083
605,629,10,1.0
606,630,-1,0.0
607,631,10,0.9650583883793167
608,632,10,1.0
609,634,10,1.0
610,635,10,1.0
611,636,2,0.2853018561552651
612,637,-1,0.0
613,638,10,1.0
614,639,10,0.972654508425952
615,640,10,1.0
616,641,-1,0.0
617,642,10,1.0
618,643,10,1.0
619,644,5,1.0
620,645,-1,0.0
621,646,2,1.0
622,647,-1,0.0
623,648,10,0.9386418772030913
624,649,4,0.9971563841595789
625,650,10,1.0
626,651,2,1.0
627,652,2,1.0
628,653,2,0.9118241778322261
629,654,10,1.0
630,655,10,1.0
631,656,10,1.0
632,657,3,0.7497839671938655
633,658,10,1.0
634,659,8,0.851982451269932
635,660,10,0.9870373014200897
636,661,10,1.0
637,662,10,1.0
638,663,2,0.9142856816439611
639,664,-1,0.0
640,665,-1,0.0
641,666,10,1.0
642,667,10,1.0
643,668,10,1.0
644,669,-1,0.0
645,670,2,0.4535404501388961
646,671,10,1.0
647,672,5,1.0
648,673,-1,0.0
649,674,10,0.9093862364154464
650,675,10,1.0
651,676,-1,0.0
652,677,2,0.9599921087158056
653,678,5,1.0
654,679,10,1.0
655,680,2,0.877582015946757
656,681,-1,0.0
657,682,10,1.0
658,683,2,0.43380909140158
659,684,10,1.0
660,685,-1,0.0
661,686,9,1.0
662,687,10,1.0
663,688,10,1.0
664,689,10,1.0
665,690,-1,0.0
666,691,2,0.8821892444740609
667,692,10,1.0
668,693,10,1.0
669,694,10,1.0
670,695,2,0.9579643258076582
671,696,10,1.0
672,697,10,1.0
673,698,10,1.0
674,699,-1,0.0
675,700,-1,0.0
676,701,0,1.0
677,702,3,1.0
678,703,8,1.0
679,704,8,0.9997415376123289
680,705,2,0.8821892444740609
681,706,10,1.0
682,707,5,0.9120665180591075
683,708,10,1.0
684,709,10,1.0
685,710,2,1.0
686,711,10,1.0
687,712,6,1.0
688,713,-1,0.0
689,714,-1,0.0
690,715,10,1.0
691,716,2,0.485482239455314
692,718,1,1.0
693,719,10,1.0
694,720,10,1.0
695,721,0,0.6377593828748358
696,722,0,0.6665178777234095
697,723,6,1.0
698,724,2,0.48608007486417787
699,725,10,1.0
700,726,10,1.0
701,727,10,1.0
702,728,-1,0.0
703,729,10,1.0
704,730,2,0.45347507050960445
705,731,-1,0.0
706,732,10,1.0
707,733,8,0.9232995732637075
708,734,10,1.0
709,735,10,1.0
710,736,4,0.9723097482079063
711,737,10,1.0
712,738,-1,0.0
713,739,-1,0.0
714,740,10,1.0
715,741,10,1.0
716,742,10,1.0
717,743,1,0.931251650225972
718,744,-1,0.0
719,745,8,1.0
720,746,10,1.0
721,747,2,0.45346241105045004
722,748,10,1.0
723,749,2,0.5914097019974358
724,750,2,0.9256431614110081
725,751,10,1.0
726,752,10,1.0
727,753,10,1.0
728,754,10,0.7567930771227893
729,755,-1,0.0
730,756,10,1.0
731,757,10,1.0
732,758,10,1.0
733,759,10,1.0
734,760,10,1.0
735,761,10,1.0
736,762,10,1.0
737,763,10,1.0
738,764,10,0.9093862364154464
739,765,2,0.9401767141088035
740,767,2,0.7804863892234202
741,768,2,1.0
742,769,2,1.0
743,770,-1,0.0
744,771,10,1.0
745,772,10,1.0
746,773,10,0.6290022893822675
747,774,10,1.0
748,775,2,1.0
749,776,5,0.9681654977223546
750,777,9,1.0
751,778,-1,0.0
752,779,2,0.778892026092695
753,780,7,0.9921977837707472
754,781,2,0.7602875809067248
755,782,2,0.31013130212519885
756,783,-1,0.0
757,784,2,0.9208370361896875
758,785,10,1.0
759,786,2,0.7197147840768968
760,787,2,0.30186719627306596
761,788,10,1.0
762,789,10,0.9651303726496453
763,790,10,1.0
764,791,0,0.9832138742006313
765,792,2,1.0
766,793,-1,0.0
767,794,10,1.0
768,795,10,0.9706863931749763
769,796,10,1.0
770,797,-1,0.0
771,798,10,1.0
772,799,0,1.0
773,800,10,1.0
774,801,-1,0.0
775,802,10,1.0
776,803,-1,0.0
777,804,10,1.0
778,805,-1,0.0
779,806,8,0.8763720161427252
780,807,10,1.0
781,808,-1,0.0
782,809,10,1.0
783,810,10,1.0
784,811,2,0.3885412703228544
785,812,2,0.46987996035383695
786,813,5,1.0
787,814,10,1.0
788,815,10,1.0
789,816,-1,0.0
790,817,2,0.6515720563098236
791,818,-1,0.0
792,819,-1,0.0
793,820,2,0.48608007486417787
794,821,2,0.3370925849508533
795,822,9,1.0
796,823,4,1.0
797,824,10,1.0
798,825,-1,0.0
799,826,10,0.9552436874583042
800,827,0,0.6698899827500717
801,828,10,1.0
802,829,10,0.9023307756269694
803,830,10,0.9862219957430302
804,831,10,1.0
805,832,10,1.0
806,833,9,0.9324291768901256
807,835,10,1.0
808,836,-1,0.0
809,837,10,1.0
810,838,2,0.37700800944867713
811,839,2,0.47407991173051955
812,840,3,1.0
813,843,2,0.27584574967892794
814,844,-1,0.0
815,845,10,1.0
816,846,10,1.0
817,847,10,0.8850154653509467
818,848,10,1.0
819,849,-1,0.0
820,850,10,0.9093862364154464
821,851,8,0.8919179896741686
822,852,10,1.0
823,853,10,1.0
824,854,10,1.0
825,855,2,0.9256431614110081
826,856,9,1.0
827,857,6,1.0
828,858,2,0.8861524738808072
829,859,2,0.7233486346709028
830,860,2,1.0
831,861,-1,0.0
832,862,2,0.3815201191942112
833,863,5,1.0
834,864,1,0.9718517774257026
835,865,10,1.0
836,867,10,1.0
837,868,10,1.0
838,869,2,0.2853018561552651
839,870,2,0.8865353405114794
840,871,-1,0.0
841,872,-1,0.0
842,873,10,1.0
843,874,10,1.0
844,875,10,1.0
845,876,10,0.697018680047855
846,877,2,1.0
847,878,-1,0.0
848,879,2,0.2853018561552651
849,880,5,0.9118317575937073
850,881,-1,0.0
851,882,10,1.0
852,883,10,1.0
853,884,4,1.0
854,885,-1,0.0
855,886,-1,0.0
856,887,8,0.9629734172712461
857,888,10,1.0
858,889,5,0.9457543898789829
859,890,2,0.3768203743039617
860,891,-1,0.0
861,893,10,1.0
862,894,10,1.0
863,895,-1,0.0
864,896,10,1.0
865,897,3,1.0
866,898,2,1.0
867,899,-1,0.0
868,900,-1,0.0
869,901,10,1.0
870,902,3,1.0
871,903,0,1.0
872,904,2,0.42691712446645314
873,905,2,0.27988338192419804
874,906,-1,0.0
875,907,-1,0.0
876,908,2,0.14365328647321599
877,909,6,1.0
878,910,10,1.0
879,911,5,1.0
880,912,2,0.2779223865178663
881,913,-1,0.0
882,914,10,1.0
883,915,2,0.7419333233027524
884,916,10,1.0
885,917,2,0.8271385289889563
886,918,2,0.44165853574817865
887,919,-1,0.0
888,920,9,1.0
889,921,-1,0.0
890,922,10,1.0
891,923,10,1.0
892,924,10,1.0
893,925,10,1.0
894,926,0,0.46545637337453055
895,927,-1,0.0
896,928,10,1.0
897,929,4,1.0
898,930,10,0.741662118623558
899,931,2,1.0
900,932,10,1.0
901,933,-1,0.0
902,934,10,1.0
903,935,0,1.0
904,936,10,1.0
905,937,10,1.0
906,938,2,1.0
907,939,10,1.0
908,940,10,1.0
909,941,10,1.0
910,942,10,1.0
911,943,10,1.0
912,944,-1,0.0
913,945,4,1.0
914,946,10,1.0
915,947,10,1.0
916,948,-1,0.0
917,949,10,1.0
918,950,10,1.0
919,951,10,1.0
920,952,10,1.0
921,953,-1,0.0
922,954,1,1.0
923,955,-1,0.0
924,956,-1,0.0
925,957,-1,0.0
926,958,10,1.0
927,959,-1,0.0
928,960,10,1.0
929,961,3,0.6962072008242638
930,962,-1,0.0
931,963,-1,0.0
932,964,-1,0.0
933,965,10,1.0
934,966,1,1.0
935,967,10,1.0
936,968,2,0.47543816392601207
937,970,2,0.48608007486417787
938,971,10,1.0
939,972,8,1.0
940,973,-1,0.0
941,974,2,0.8249170813402844
942,975,-1,0.0
943,976,10,0.9093862364154464
944,977,10,1.0
945,978,10,1.0
946,979,10,1.0
947,980,-1,0.0
948,981,10,0.9805015747204945
949,982,10,1.0
950,983,2,0.14638162899780038
951,985,-1,0.0
952,986,2,0.2853018561552651
953,987,5,1.0
954,988,2,0.9076056424906794
955,989,10,1.0
956,990,10,1.0
957,991,-1,0.0
958,992,0,0.6976981379039658
959,993,-1,0.0
960,994,-1,0.0
961,995,-1,0.0
962,996,2,1.0
963,997,10,1.0
964,998,2,1.0
965,999,2,1.0
966,1000,6,1.0
967,1001,10,1.0
968,1002,-1,0.0
969,1003,2,0.8663769484327781
970,1004,9,1.0
971,1005,10,1.0
972,1006,-1,0.0
973,1007,4,1.0
974,1008,-1,0.0
975,1009,10,0.9093862364154464
976,1010,-1,0.0
977,1011,10,1.0
978,1012,2,0.9256431614110081
979,1013,3,0.7784918821348792
980,1014,4,1.0
981,1015,5,1.0
982,1016,2,1.0
983,1017,1,1.0
984,1018,10,1.0
985,1019,10,0.8775240197481047
986,1020,10,1.0
987,1021,0,0.6380721271611219
988,1022,10,1.0
989,1023,10,1.0
990,1024,-1,0.0
991,1025,-1,0.0
992,1026,-1,0.0
993,1027,3,1.0
994,1028,2,0.6649372321976853
995,1029,-1,0.0
996,1030,5,1.0
997,1031,1,1.0
998,1032,10,1.0
999,1033,10,0.9093862364154464
1000,1034,-1,0.0
1001,1035,-1,0.0
1002,1036,10,1.0
1003,1037,8,0.9572361113424438
1004,1038,6,1.0
1005,1039,10,1.0
1006,1040,0,0.5147899775800395
1007,1041,10,0.9439632500632308
1008,1042,10,1.0
1009,1043,-1,0.0
1010,1044,8,0.9352113993694607
1011,1045,-1,0.0
1012,1046,-1,0.0
1013,1047,3,1.0
1014,1048,2,1.0
1015,1049,2,0.48608007486417787
1016,1050,7,1.0
1017,1051,10,1.0
1018,1052,-1,0.0
1019,1053,-1,0.0
1020,1054,9,1.0
1021,1055,10,1.0
1022,1056,10,1.0
1023,1057,-1,0.0
1024,1058,10,1.0
1025,1059,10,1.0
1026,1061,10,1.0
1027,1062,-1,0.0
1028,1063,10,1.0
1029,1064,10,1.0
1030,1065,2,0.8815160964619805
1031,1066,-1,0.0
1032,1067,10,1.0
1033,1068,-1,0.0
1034,1069,2,0.8676691791944889
1035,1070,-1,0.0
1036,1071,-1,0.0
1037,1072,2,1.0
1038,1073,-1,0.0
1039,1074,9,1.0
1040,1075,10,1.0
1041,1076,-1,0.0
1042,1077,-1,0.0
1043,1078,2,0.538229169821411
1044,1079,-1,0.0
1045,1080,2,0.3140025512707295
1046,1081,-1,0.0
1047,1082,10,0.9039433672413183
1048,1083,10,1.0
1049,1084,2,0.13231340735342148
1050,1085,10,1.0
1051,1086,-1,0.0
1052,1087,2,0.3899525442124405
1053,1088,8,1.0
1054,1089,-1,0.0
1055,1090,10,1.0
1056,1091,-1,0.0
1057,1092,10,1.0
1058,1093,10,1.0
1059,1094,5,0.9681654977223546
1060,1095,10,0.832218935150947
1061,1096,9,0.9807168316672528
1062,1097,-1,0.0
1063,1098,-1,0.0
1064,1099,-1,0.0
1065,1100,2,0.2853018561552651
1066,1101,2,0.20806354408111058
1067,1102,10,1.0
1068,1103,10,1.0
1069,1104,-1,0.0
1070,1105,-1,0.0
1071,1106,2,1.0
1072,1107,10,1.0
1073,1113,5,1.0
1074,1114,10,1.0
1075,1115,-1,0.0
1076,1116,6,0.9719307076375248
1077,1117,-1,0.0
1078,1118,5,1.0
1079,1119,0,0.6512434167129136
1080,1120,7,1.0
1081,1121,-1,0.0
1082,1122,10,0.9286425933165837
1083,1123,-1,0.0
1084,1124,10,1.0
1085,1125,10,1.0
1086,1126,2,0.18510534359506134
1087,1127,2,0.9256431614110081
1088,1128,10,1.0
1089,1129,10,1.0
1090,1130,10,1.0
1091,1131,10,1.0
1092,1132,2,0.9081621069360886
1093,1133,2,0.42239576520760785
1094,1134,-1,0.0
1095,1135,10,0.9368398231028611
1096,1136,-1,0.0
1097,1137,10,0.6040318619117935
1098,1138,10,1.0
1099,1142,0,0.6589711996351605
1100,1147,-1,0.0
1101,1148,10,1.0
1102,1149,10,1.0
1103,1150,9,1.0
1104,1151,2,0.1308137145364098
1105,1154,10,1.0
1106,1155,-1,0.0
1107,1156,2,0.48608007486417787
1108,1157,10,1.0
1109,1158,-1,0.0
1110,1159,10,1.0
1111,1160,9,0.9881241948674704
1112,1161,9,1.0
1113,1162,-1,0.0
1114,1163,10,0.6060213421040792
1115,1164,10,1.0
1116,1165,10,1.0
1117,1166,10,1.0
1118,1167,10,1.0
1119,1168,4,0.984497126294666
1120,1169,10,1.0
1121,1170,10,1.0
1122,1171,10,1.0
1123,1172,2,1.0
1124,1173,10,1.0
1125,1174,10,1.0
1126,1175,5,1.0
1127,1176,-1,0.0
1128,1177,8,1.0
1129,1179,10,0.8839301276879536
1130,1180,10,1.0
1131,1181,10,1.0
1132,1182,-1,0.0
1133,1183,9,1.0
1134,1184,-1,0.0
1135,1185,10,1.0
1136,1186,3,1.0
1137,1187,-1,0.0
1138,1188,10,1.0
1139,1189,10,1.0
1140,1190,2,0.37386814079480013
1141,1191,10,1.0
1142,1192,-1,0.0
1143,1193,0,1.0
1144,1194,-1,0.0
1145,1195,10,1.0
1146,1196,3,0.8399650833665147
1147,1197,-1,0.0
1148,1198,10,1.0
1149,1199,-1,0.0
1150,1200,10,1.0
1151,1201,2,0.12090306093773065
1152,1202,-1,0.0
1153,1203,10,1.0
1154,1204,10,1.0
1155,1205,-1,0.0
1156,1206,10,1.0
1157,1207,10,1.0
1158,1208,9,0.9326602050692054
1159,1209,2,0.27645788309891334
1160,1210,10,1.0
1161,1212,2,0.2510994379740594
1162,1215,10,1.0
1163,1218,2,0.48608007486417787
1164,1219,10,1.0
1165,1220,10,1.0
1166,1221,10,1.0
1167,1222,2,0.15558134654366687
1168,1223,2,0.540883445251452
1169,1224,2,1.0
1170,1225,10,1.0
1171,1226,2,0.5870832811150505
1172,1227,8,0.8569164931614052
1173,1228,10,1.0
1174,1229,10,1.0
1175,1232,10,1.0
1176,1233,-1,0.0
1177,1234,10,1.0
1178,1235,-1,0.0
1179,1237,2,0.4808426763305783
1180,1238,4,1.0
1181,1239,-1,0.0
1182,1240,2,0.9711681568322353
1183,1241,10,1.0
1184,1242,10,1.0
1185,1243,10,0.867675341764454
1186,1244,-1,0.0
1187,1245,2,1.0
1188,1246,2,0.3887285637282034
1189,1247,2,0.8201954215514549
1190,1248,10,1.0
1191,1249,10,1.0
1192,1250,9,1.0
1193,1251,8,1.0
1194,1252,10,1.0
1195,1253,-1,0.0
1196,1254,0,0.6619241052753483
1197,1255,10,1.0
1198,1256,2,0.45483618751540267
1199,1257,-1,0.0
1200,1258,-1,0.0
1201,1259,2,1.0
1202,1260,10,1.0
1203,1261,10,1.0
1204,1262,2,0.582263496498694
1205,1263,10,1.0
1206,1264,-1,0.0
1207,1265,-1,0.0
1208,1266,5,0.9755981088958483
1209,1267,2,1.0
1210,1268,-1,0.0
1211,1269,2,0.1603261155823918
1212,1270,2,1.0
1213,1271,2,1.0
1214,1272,-1,0.0
1215,1273,2,0.3878696373084315
1216,1274,-1,0.0
1217,1275,10,1.0
1218,1276,2,0.48608007486417787
1219,1277,-1,0.0
1220,1278,-1,0.0
1221,1279,-1,0.0
1222,1280,2,0.2748357784396016
1223,1281,2,0.2853018561552651
1224,1282,2,0.46074100154741027
1225,1283,10,1.0
1226,1284,-1,0.0
1227,1286,10,1.0
1228,1287,8,0.9788592641878072
1229,1288,6,1.0
1230,1289,8,0.94513112785572
1231,1290,-1,0.0
1232,1291,10,0.9093862364154464
1233,1292,8,0.9238737900347735
1234,1293,9,0.9728712754790443
1235,1294,10,1.0
1236,1295,-1,0.0
1237,1296,10,1.0
1238,1297,10,0.8771606749818609
1239,1298,2,0.6918619735312747
1240,1299,2,0.5373332192831061
1241,1300,-1,0.0
1242,1301,2,0.32526641554730995
1243,1302,10,1.0
1244,1303,-1,0.0
1245,1304,2,0.2853018561552651
1246,1305,10,1.0
1247,1306,10,1.0
1248,1307,10,1.0
1249,1308,10,1.0
1250,1309,2,0.48608007486417787
1251,1310,-1,0.0
1252,1311,10,1.0
1253,1312,2,0.28457146634659247
1254,1313,10,1.0
1255,1314,-1,0.0
1256,1315,2,1.0
1257,1316,0,1.0
1258,1317,3,1.0
1259,1318,2,0.43626624480996007
1260,1319,5,0.9240180773509613
1261,1320,2,0.4726038973208879
1262,1321,10,1.0
1263,1322,10,0.6649104415025451
1264,1323,10,1.0
1265,1324,-1,0.0
1266,1325,-1,0.0
1267,1326,-1,0.0
1268,1327,2,0.3973098809791542
1269,1328,10,1.0
1270,1329,2,0.2853018561552651
1271,1330,5,0.9380640323962852
1272,1331,-1,0.0
1273,1332,2,1.0
1274,1333,10,1.0
1275,1334,2,0.9256431614110081
1276,1335,2,0.37656140593784093
1277,1336,2,0.2996062603418114
1278,1337,2,0.9599970592959408
1279,1338,10,1.0
1280,1339,7,1.0
1281,1340,10,1.0
1282,1341,10,1.0
1283,1342,10,1.0
1284,1343,3,1.0
1285,1344,0,0.9775252491522003
1286,1345,2,1.0
1287,1346,10,1.0
1288,1347,10,1.0
1289,1348,-1,0.0
1290,1349,5,0.9186449558717066
1291,1350,2,0.9041179580583711
1292,1351,2,0.9331075846655943
1293,1352,-1,0.0
1294,1353,-1,0.0
1295,1354,2,0.6064464932092125
1296,1355,10,0.9720901158755214
1297,1356,10,1.0
1298,1357,-1,0.0
1299,1358,2,0.11221514447329896
1300,1359,0,0.706974996134366
1301,1360,2,1.0
1302,1361,-1,0.0
1303,1362,2,0.44274700607398804
1304,1363,10,1.0
1305,1364,3,0.7961121172005367
1306,1365,10,1.0
1307,1366,8,0.8412077508712501
1308,1367,-1,0.0
1309,1368,2,0.48608007486417787
1310,1369,-1,0.0
1311,1370,-1,0.0
1312,1371,-1,0.0
1313,1372,9,0.9688734501962187
1314,1373,10,1.0
1315,1374,-1,0.0
1316,1376,4,1.0
1317,1377,2,0.585064355691486
1318,1378,9,1.0
1319,1379,10,1.0
1320,1380,2,0.15531441029060752
1321,1381,10,1.0
1322,1384,-1,0.0
1323,1385,10,1.0
1324,1386,-1,0.0
1325,1387,10,0.6035831934810297
1326,1388,9,0.9692229846951051
1327,1389,3,1.0
1328,1390,2,0.4857649488455364
1329,1391,2,0.7813978075445112
1330,1392,9,1.0
1331,1393,2,0.9238836938027432
1332,1394,2,0.48608007486417787
1333,1395,2,1.0
1334,1396,10,1.0
1335,1397,-1,0.0
1336,1398,2,0.7832290972407906
1337,1399,2,0.6064464932092125
1338,1400,2,0.13106973079422374
1339,1401,10,1.0
1340,1402,-1,0.0
1341,1403,2,0.48608007486417787
1342,1404,-1,0.0
1343,1405,10,1.0
1344,1406,2,0.5940369423791824
1345,1407,-1,0.0
1346,1408,-1,0.0
1347,1409,10,1.0
1348,1410,10,1.0
1349,1411,2,0.844348312696931
1350,1412,10,1.0
1351,1413,-1,0.0
1352,1414,2,0.2687781066929436
1353,1415,3,0.7076476290418178
1354,1416,10,1.0
1355,1417,5,0.9601631730973393
1356,1418,-1,0.0
1357,1419,7,1.0
1358,1420,10,1.0
1359,1421,10,1.0
1360,1422,-1,0.0
1361,1423,10,1.0
1362,1424,7,1.0
1363,1425,10,1.0
1364,1426,-1,0.0
1365,1427,-1,0.0
1366,1428,2,1.0
1367,1429,10,0.9093862364154464
1368,1430,10,1.0
1369,1431,10,1.0
1370,1432,10,1.0
1371,1433,2,0.8347531470727466
1372,1434,1,1.0
1373,1435,-1,0.0
1374,1436,2,0.781961544119617
1375,1437,2,0.3085624771259297
1376,1438,2,0.3868323620428654
1377,1439,10,1.0
1378,1440,-1,0.0
1379,1441,8,1.0
1380,1442,10,1.0
1381,1443,9,0.9770728330843641
1382,1444,0,1.0
1383,1445,10,1.0
1384,1446,-1,0.0
1385,1447,10,0.9557583228915492
1386,1448,2,0.48608007486417787
1387,1449,8,0.9043333044334706
1388,1450,10,1.0
1389,1451,2,0.5389448678513588
1390,1452,10,1.0
1391,1454,10,1.0
1392,1455,0,1.0
1393,1456,10,1.0
1394,1457,10,1.0
1395,1458,10,1.0
1396,1459,-1,0.0
1397,1460,7,1.0
1398,1461,2,0.46607424336854086
1399,1462,10,1.0
1400,1463,10,1.0
1401,1464,10,1.0
1402,1465,10,1.0
1403,1466,10,1.0
1404,1467,2,0.9256431614110081
1405,1468,10,1.0
1406,1469,10,1.0
1407,1470,2,0.9686969630804243
1408,1471,10,1.0
1409,1472,2,0.48011162593726425
1410,1473,10,1.0
1411,1474,0,0.49308959514870615
1412,1475,2,0.9256431614110081
1413,1476,-1,0.0
1414,1477,2,0.7376771903416215
1415,1478,-1,0.0
1416,1479,2,0.348577543550617
1417,1480,-1,0.0
1418,1481,2,0.8091496877110379
1419,1482,2,1.0
1420,1483,-1,0.0
1421,1484,10,1.0
1422,1485,2,0.908837004106612
1423,1486,10,0.9093862364154464
1424,1487,2,0.2743284307044532
1425,1488,2,0.7466749630551446
1426,1489,2,0.6496385958184818
1427,1490,8,0.9731517978377382
1428,1492,-1,0.0
1429,1493,-1,0.0
1430,1494,-1,0.0
1431,1495,10,1.0
1432,1496,10,1.0
1433,1497,10,1.0
1434,1498,10,1.0
1435,1499,-1,0.0
1436,1501,3,0.8731864393076224
1437,1502,2,0.9504590788902175
1438,1503,10,1.0
1439,1504,-1,0.0
1440,1505,2,0.37911697338276307
1441,1506,10,1.0
1442,1507,2,0.43047874635495004
1443,1508,10,1.0
1444,1509,10,1.0
1445,1510,10,1.0
1446,1511,7,1.0
1447,1512,10,1.0
1448,1513,-1,0.0
1449,1514,0,0.5045881974656434
1450,1515,6,0.895239057632451
1451,1516,-1,0.0
1452,1517,10,1.0
1453,1518,2,1.0
1454,1519,2,0.4264922786421508
1455,1520,-1,0.0
1456,1521,10,1.0
1457,1522,-1,0.0
1458,1523,-1,0.0
1459,1524,10,1.0
1460,1525,-1,0.0
1461,1526,10,1.0
1462,1527,-1,0.0
1463,1528,2,0.9256431614110081
1464,1529,10,0.925629894676225
1465,1530,-1,0.0
1466,1531,4,1.0
1467,1532,0,0.823592266355305
1468,1533,4,1.0
1469,1534,-1,0.0
1470,1535,-1,0.0
1471,1536,3,0.8626892787025542
1472,1537,2,0.2853018561552651
1473,1538,0,0.665222792103557
1474,1539,-1,0.0
1475,1540,2,0.2840393837065054
1476,1541,10,1.0
1477,1542,-1,0.0
1478,1543,-1,0.0
1479,1544,10,1.0
1480,1545,-1,0.0
1481,1546,-1,0.0
1482,1547,10,1.0
1483,1548,10,1.0
1484,1549,-1,0.0
1485,1550,2,0.9118241778322261
1486,1551,2,0.9365846047836792
1487,1552,2,0.4773657610269346
1488,1553,2,1.0
1489,1554,10,1.0
1490,1555,10,1.0
1491,1556,-1,0.0
1492,1557,-1,0.0
1493,1558,9,0.9581931260480359
1494,1559,10,1.0
1495,1560,10,1.0
1496,1561,10,1.0
1497,1562,0,0.5636915195855937
1498,1563,2,0.48608007486417787
1499,1564,10,1.0
1500,1565,2,0.17691821688210171
1501,1566,10,0.8356997530778575
1502,1567,-1,0.0
1503,1568,10,1.0
1504,1569,10,1.0
1505,1570,-1,0.0
1506,1571,-1,0.0
1507,1572,-1,0.0
1508,1573,8,0.9400848169227147
1509,1574,10,1.0
1510,1575,-1,0.0
1511,1576,10,1.0
1512,1577,10,1.0
1513,1578,-1,0.0
1514,1579,-1,0.0
1515,1580,-1,0.0
1516,1581,-1,0.0
1517,1582,-1,0.0
1518,1583,-1,0.0
1519,1584,-1,0.0
1520,1585,8,1.0
1521,1586,0,1.0
1522,1587,-1,0.0
1523,1588,-1,0.0
1524,1589,1,0.9918695694426882
1525,1590,-1,0.0
1526,1591,3,0.9046064302372812
1527,1592,9,0.9932524636562668
1528,1593,2,0.48608007486417787
1529,1594,10,1.0
1530,1595,10,0.8754554632466764
1531,1598,-1,0.0
1532,1599,10,1.0
1533,1600,7,1.0
1534,1601,-1,0.0
1535,1602,2,1.0
1536,1603,-1,0.0
1537,1604,1,1.0
1538,1606,2,0.4048282315812404
1539,1607,2,0.2745628529136203
1540,1608,-1,0.0
1541,1609,10,1.0
1542,1610,10,1.0
1543,1611,10,0.9093862364154464
1544,1612,-1,0.0
1545,1613,5,1.0
1546,1614,2,0.38399999999997136
1547,1615,-1,0.0
1548,1616,10,1.0
1549,1617,-1,0.0
1550,1618,10,1.0
1551,1619,10,0.9615085106118122
1552,1620,2,0.7376771903416215
1553,1621,0,0.7855111486057248
1554,1622,10,1.0
1555,1623,10,1.0
1556,1624,9,1.0
1557,1625,10,1.0
1558,1626,10,0.9701083683478694
1559,1628,10,1.0
1560,1629,-1,0.0
1561,1630,5,1.0
1562,1631,10,1.0
1563,1632,5,0.999594408560947
1564,1633,10,1.0
1565,1635,2,0.8677839014572014
1566,1636,10,1.0
1567,1637,10,1.0
1568,1638,2,0.5560210619115123
1569,1639,-1,0.0
1570,1640,10,1.0
1571,1641,10,1.0
1572,1642,5,1.0
1573,1643,3,0.8588744289551035
1574,1644,10,1.0
1575,1645,9,0.9929827339256103
1576,1646,-1,0.0
1577,1647,10,1.0
1578,1648,-1,0.0
1579,1649,2,0.33468193769881444
1580,1650,-1,0.0
1581,1651,2,0.48608007486417787
1582,1652,-1,0.0
1583,1653,2,1.0
1584,1654,8,1.0
1585,1655,10,1.0
1586,1656,10,1.0
1587,1657,10,1.0
1588,1658,10,1.0
1589,1659,-1,0.0
1590,1660,9,0.9688734501962187
1591,1662,10,1.0
1592,1663,-1,0.0
1593,1664,10,1.0
1594,1665,10,1.0
1595,1666,9,0.9807108971788632
1596,1667,2,1.0
1597,1668,2,0.16906944879498897
1598,1669,-1,0.0
1599,1670,3,1.0
1600,1671,-1,0.0
1601,1672,-1,0.0
1602,1673,-1,0.0
1603,1674,10,1.0
1604,1675,0,0.6616565338230309
1605,1676,1,0.9543728327201477
1606,1677,-1,0.0
1607,1678,10,1.0
1608,1679,10,1.0
1609,1680,10,1.0
1610,1681,10,1.0
1611,1682,10,1.0
1612,1684,10,1.0
1613,1685,2,1.0
1614,1686,10,1.0
1615,1687,10,0.9093862364154464
1616,1688,10,1.0
1617,1689,10,1.0
1618,1690,10,1.0
1619,1691,-1,0.0
1620,1692,2,0.15713876246437125
1621,1693,-1,0.0
1622,1694,-1,0.0
1623,1695,8,0.9994061126090139
1624,1696,2,1.0
1625,1697,-1,0.0
1626,1698,10,1.0
1627,1699,10,1.0
1628,1700,-1,0.0
1629,1701,10,1.0
1630,1702,-1,0.0
1631,1703,3,0.8233150851799373
1632,1704,-1,0.0
1633,1705,10,1.0
1634,1706,10,1.0
1635,1707,2,0.2853018561552651
1636,1708,10,1.0
1637,1709,10,1.0
1638,1710,-1,0.0
1639,1711,9,0.9636331605200861
1640,1712,10,1.0
1641,1713,2,1.0
1642,1714,6,1.0
1643,1715,7,1.0
1644,1717,8,1.0
1645,1718,0,1.0
1646,1719,10,1.0
1647,1720,10,1.0
1648,1721,10,1.0
1649,1722,10,1.0
1650,1723,3,1.0
1651,1724,-1,0.0
1652,1725,-1,0.0
1653,1726,-1,0.0
1654,1727,10,1.0
1655,1728,7,1.0
1656,1729,-1,0.0
1657,1730,2,0.2853018561552651
1658,1731,-1,0.0
1659,1732,10,0.6969117279826049
1660,1733,-1,0.0
1661,1734,4,1.0
1662,1735,-1,0.0
1663,1736,10,1.0
1664,1737,10,1.0
1665,1738,6,1.0
1666,1739,10,1.0
1667,1740,2,1.0
1668,1741,10,1.0
1669,1742,10,0.8441776750171693
1670,1743,10,1.0
1671,1744,10,0.9093862364154464
1672,1745,9,0.9263572241386656
1673,1746,8,1.0
1674,1747,-1,0.0
1675,1748,10,1.0
1676,1749,2,0.9290129890784123
1677,1750,2,0.7854431208273334
1678,1751,10,1.0
1679,1752,10,1.0
1680,1753,10,1.0
1681,1754,-1,0.0
1682,1755,10,1.0
1683,1756,2,0.4394479944264625
1684,1757,10,1.0
1685,1758,5,0.9681654977223546
1686,1759,3,1.0
1687,1760,4,1.0
1688,1761,10,1.0
1689,1762,-1,0.0
1690,1763,2,0.14578587642283164
1691,1764,10,1.0
1692,1767,10,1.0
1693,1768,10,1.0
1694,1769,2,0.8038536059558294
1695,1770,1,0.9325090110383368
1696,1771,-1,0.0
1697,1772,-1,0.0
1698,1773,10,1.0
1699,1774,10,1.0
1700,1775,-1,0.0
1701,1776,6,1.0
1702,1777,10,0.8769331129668839
1703,1778,10,0.951426381598221
1704,1779,2,0.3911438513001456
1705,1780,5,0.9529472501490522
1706,1781,-1,0.0
1707,1782,10,0.716511945620327
1708,1783,2,0.9599974943725926
1709,1784,9,1.0
1710,1785,-1,0.0
1711,1786,10,1.0
1712,1787,10,0.590843780423467
1713,1788,0,1.0
1714,1789,7,1.0
1715,1790,10,1.0
1716,1791,10,1.0
1717,1792,-1,0.0
1718,1793,-1,0.0
1719,1794,2,0.2853018561552651
1720,1795,10,1.0
1721,1796,-1,0.0
1722,1797,4,1.0
1723,1798,10,1.0
1724,1799,10,1.0
1725,1800,10,1.0
1726,1801,10,1.0
1727,1802,3,1.0
1728,1803,6,0.9840780115034532
1729,1804,2,1.0
1730,1805,1,1.0
1731,1806,2,0.2853018561552651
1732,1807,-1,0.0
1733,1808,10,1.0
1734,1809,-1,0.0
1735,1810,2,0.9890927726158439
1736,1811,5,1.0
1737,1812,-1,0.0
1738,1813,10,1.0
1739,1814,10,1.0
1740,1815,2,0.48608007486417787
1741,1816,-1,0.0
1742,1817,-1,0.0
1743,1818,10,1.0
1744,1819,7,1.0
1745,1820,-1,0.0
1746,1821,10,0.9547004360646237
1747,1822,-1,0.0
1748,1823,-1,0.0
1749,1824,10,1.0
1750,1825,2,1.0
1751,1826,0,1.0
1752,1827,0,0.8220634019411218
1753,1828,1,1.0
1754,1829,10,1.0
1755,1830,-1,0.0
1756,1831,10,1.0
1757,1832,-1,0.0
1758,1833,10,0.8678616115228172
1759,1834,10,1.0
1760,1837,10,1.0
1761,1838,4,1.0
1762,1840,-1,0.0
1763,1841,-1,0.0
1764,1842,-1,0.0
1765,1843,-1,0.0
1766,1844,8,1.0
1767,1845,10,1.0
1768,1846,-1,0.0
1769,1847,10,1.0
1770,1848,8,0.9463192298877725
1771,1849,-1,0.0
1772,1850,10,1.0
1773,1852,-1,0.0
1774,1853,10,1.0
1775,1854,8,0.9924310417919252
1776,1855,-1,0.0
1777,1856,2,1.0
1778,1857,9,1.0
1779,1858,10,0.7472724859012759
1780,1859,10,1.0
1781,1860,0,0.7117752341115358
1782,1861,10,1.0
1783,1862,-1,0.0
1784,1863,10,1.0
1785,1864,10,1.0
1786,1866,-1,0.0
1787,1867,4,1.0
1788,1868,2,0.9256431614110081
1789,1869,-1,0.0
1790,1870,10,1.0
1791,1871,10,1.0
1792,1872,10,1.0
1793,1873,10,1.0
1794,1874,10,1.0
1795,1875,10,1.0
1796,1876,2,0.8488188123996243
1797,1877,-1,0.0
1798,1878,-1,0.0
1799,1879,2,0.8985818188074873
1800,1880,10,1.0
1801,1881,10,0.9869178387332752
1802,1882,5,1.0
1803,1883,10,0.9093862364154464
1804,1884,10,1.0
1805,1885,-1,0.0
1806,1886,5,0.9741647813397126
1807,1887,-1,0.0
1808,1888,9,1.0
1809,1889,9,0.9452462125199916
1810,1890,-1,0.0
1811,1891,10,1.0
1812,1892,-1,0.0
1813,1893,10,1.0
1814,1894,10,1.0
1815,1895,5,1.0
1816,1896,-1,0.0
1817,1897,10,1.0
1818,1898,-1,0.0
1819,1899,-1,0.0
1820,1900,-1,0.0
1821,1901,10,1.0
1822,1902,2,1.0
1823,1903,10,0.9907866270505873
1824,1904,2,1.0
1825,1905,-1,0.0
1826,1906,10,1.0
1827,1907,10,1.0
1828,1908,3,0.9450865463081183
1829,1909,8,1.0
1830,1910,-1,0.0
1831,1911,-1,0.0
1832,1912,10,1.0
1833,1913,10,1.0
1834,1914,10,0.7823986014549064
1835,1915,2,0.47083172915404653
1836,1916,7,1.0
1837,1917,2,0.7342258044518891
1838,1918,10,0.5785261140374403
1839,1919,6,1.0
1840,1920,10,0.9093862364154464
1841,1921,10,1.0
1842,1922,2,0.2853018561552651
1843,1923,8,1.0
1844,1924,10,1.0
1845,1925,-1,0.0
1846,1929,7,1.0
1847,1930,10,1.0
1848,1931,-1,0.0
1849,1932,4,1.0
1850,1934,-1,0.0
1851,1935,10,1.0
1852,1936,6,1.0
1853,1937,10,1.0
1854,1938,2,0.8778146073759869
1855,1939,10,1.0
1856,1940,2,0.48608007486417787
1857,1941,-1,0.0
1858,1942,-1,0.0
1859,1943,10,1.0
1860,1944,8,1.0
1861,1945,6,1.0
1862,1946,10,0.9766948968156822
1863,1947,-1,0.0
1864,1948,10,1.0
1865,1949,-1,0.0
1866,1950,2,0.18767960340685538
1867,1951,10,1.0
1868,1952,10,0.767691433031445
1869,1953,5,0.9641736275163493
1870,1954,-1,0.0
1871,1955,10,1.0
1872,1956,2,0.8201954215514549
1873,1957,10,1.0
1874,1958,10,1.0
1875,1959,2,0.9256431614110081
1876,1960,-1,0.0
1877,1961,10,1.0
1878,1962,8,1.0
1879,1963,2,0.2853018561552651
1880,1964,10,1.0
1881,1965,0,0.6413931670076385
1882,1966,10,1.0
1883,1967,6,1.0
1884,1968,10,1.0
1885,1969,10,1.0
1886,1970,4,1.0
1887,1971,-1,0.0
1888,1972,2,0.17708467147344306
1889,1973,2,0.2853018561552651
1890,1974,10,1.0
1891,1975,-1,0.0
1892,1976,-1,0.0
1893,1977,2,0.4336529003321517
1894,1978,10,1.0
1895,1979,10,1.0
1896,1980,2,0.9256431614110081
1897,1981,10,1.0
1898,1982,-1,0.0
1899,1983,10,1.0
1900,1984,10,1.0
1901,1985,2,0.924443608132176
1902,1986,2,0.9824373003498035
1903,1987,2,1.0
1904,1988,3,0.8310086079585911
1905,1989,3,1.0
1906,1990,10,1.0
1907,1991,-1,0.0
1908,1992,2,0.7812811126154637
1909,1993,7,1.0
1910,1994,-1,0.0
1911,1995,9,0.9326614947634319
1912,1996,2,0.7928609433773339
1913,1997,2,0.4708915640665535
1914,1998,10,1.0
1915,1999,10,0.7231512286079854
1916,2000,2,0.392064757789873
1917,2001,10,1.0
1918,2002,2,0.8582902704374807
1919,2003,4,1.0
1920,2004,-1,0.0
1921,2005,4,1.0
1922,2006,-1,0.0
1923,2007,10,1.0
1924,2008,10,1.0
1925,2009,-1,0.0
1926,2010,2,0.9058602740563895
1927,2011,2,0.848281304924336
1928,2012,1,1.0
1929,2013,10,1.0
1930,2014,2,0.9256431614110081
1931,2015,10,1.0
1932,2017,-1,0.0
1933,2018,0,1.0
1934,2019,-1,0.0
1935,2020,10,1.0
1936,2021,9,0.9326502696106791
1937,2022,-1,0.0
1938,2023,-1,0.0
1939,2024,10,1.0
1940,2025,2,0.7099292881500471
1941,2026,-1,0.0
1942,2027,-1,0.0
1943,2029,2,0.9438799628296188
1944,2030,-1,0.0
1945,2031,10,1.0
1946,2032,-1,0.0
1947,2033,-1,0.0
1948,2034,8,0.9276017709384784
1949,2035,-1,0.0
1950,2036,10,1.0
1951,2037,-1,0.0
1952,2038,10,1.0
1953,2039,-1,0.0
1954,2040,10,1.0
1955,2041,10,1.0
1956,2042,-1,0.0
1957,2043,2,0.9142522889770361
1958,2044,-1,0.0
1959,2045,6,1.0
1960,2046,0,1.0
1961,2047,10,1.0
1962,2048,-1,0.0
1963,2049,0,0.5626899725214892
1964,2050,4,1.0
1965,2051,10,1.0
1966,2052,-1,0.0
1967,2053,-1,0.0
1968,2054,-1,0.0
1969,2055,-1,0.0
1970,2056,8,1.0
1971,2057,-1,0.0
1972,2059,10,1.0
1973,2061,10,0.5937900792739782
1974,2062,2,1.0
1975,2063,2,0.5383376283605567
1976,2064,10,0.9442548317946982
1977,2065,10,1.0
1978,2066,2,0.12616223573659305
1979,2067,0,0.6303395560174853
1980,2068,10,0.882976365459057
1981,2069,10,1.0
1982,2070,2,1.0
1983,2071,10,1.0
1984,2072,1,1.0
1985,2073,10,1.0
1986,2074,2,0.5552135694229292
1987,2075,2,1.0
1988,2076,3,1.0
1989,2077,10,1.0
1990,2078,8,0.8964622610861441
1991,2079,10,1.0
1992,2080,2,0.7426230839744156
1993,2081,10,1.0
1994,2082,10,0.9562414041141651
1995,2083,-1,0.0
1996,2084,10,1.0
1997,2085,3,0.6868263513084908
1998,2086,-1,0.0
1999,2087,8,1.0
2000,2088,2,0.1830488393831721
2001,2089,10,1.0
2002,2090,2,0.5958684304476347
2003,2091,10,1.0
2004,2092,-1,0.0
2005,2093,7,1.0
2006,2094,-1,0.0
2007,2095,-1,0.0
2008,2096,10,1.0
2009,2097,10,0.787965582480847
2010,2098,-1,0.0
2011,2099,10,1.0
2012,2100,-1,0.0
2013,2101,2,0.4782970800161161
2014,2102,10,1.0
2015,2103,-1,0.0
2016,2104,-1,0.0
2017,2105,2,0.9256431614110081
2018,2106,10,1.0
2019,2107,10,1.0
2020,2108,10,1.0
2021,2109,2,0.47464364465972464
2022,2110,-1,0.0
2023,2111,2,1.0
2024,2112,10,1.0
2025,2113,2,0.8075568751656312
2026,2114,2,0.4232162150069492
2027,2115,10,1.0
2028,2116,-1,0.0
2029,2117,-1,0.0
2030,2118,0,0.8408749216178834
2031,2119,-1,0.0
2032,2120,3,0.8379356105155479
2033,2121,-1,0.0
2034,2122,10,1.0
2035,2123,-1,0.0
2036,2124,1,0.9913736762582359
2037,2125,-1,0.0
2038,2126,10,1.0
2039,2127,2,1.0
2040,2128,2,1.0
2041,2129,-1,0.0
2042,2130,-1,0.0
2043,2131,2,0.7045535284629655
2044,2132,5,1.0
2045,2133,10,1.0
2046,2134,-1,0.0
2047,2135,0,0.6635260911199452
2048,2136,-1,0.0
2049,2137,10,0.9093862364154464
2050,2138,10,1.0
2051,2139,10,1.0
2052,2140,10,1.0
2053,2141,2,0.48608007486417787
2054,2142,-1,0.0
2055,2143,-1,0.0
2056,2144,-1,0.0
2057,2145,10,1.0
2058,2146,10,1.0
2059,2147,-1,0.0
2060,2150,2,0.2853018561552651
2061,2151,-1,0.0
2062,2152,-1,0.0
2063,2153,-1,0.0
2064,2154,-1,0.0
2065,2155,3,1.0
2066,2156,10,0.9093862364154464
2067,2157,6,0.9124387417648578
2068,2158,-1,0.0
2069,2159,2,1.0
2070,2160,10,1.0
2071,2161,-1,0.0
2072,2162,9,0.9629534875333396
2073,2164,10,1.0
2074,2165,6,1.0
2075,2166,2,1.0
2076,2167,10,1.0
2077,2168,10,1.0
2078,2169,-1,0.0
2079,2170,2,0.34989694414660766
2080,2171,0,1.0
2081,2172,-1,0.0
2082,2173,-1,0.0
2083,2174,3,0.9491479975110853
2084,2175,1,1.0
2085,2176,0,1.0
2086,2177,6,1.0
2087,2178,10,1.0
2088,2179,2,0.2763067960229669
2089,2180,1,1.0
2090,2181,10,0.9650577649548291
2091,2182,2,0.17691820990683563
2092,2183,10,1.0
2093,2184,10,1.0
2094,2185,-1,0.0
2095,2186,10,1.0
2096,2187,2,0.48608007486417787
2097,2188,5,1.0
2098,2189,2,0.9339968812035812
2099,2190,10,1.0
2100,2191,-1,0.0
2101,2192,-1,0.0
2102,2193,1,1.0
2103,2194,10,1.0
2104,2195,10,1.0
2105,2196,-1,0.0
2106,2197,1,1.0
2107,2198,10,1.0
2108,2199,2,1.0
2109,2200,10,1.0
2110,2201,-1,0.0
2111,2202,5,0.9359727027565655
2112,2203,-1,0.0
2113,2205,2,0.9256431614110081
2114,2206,10,1.0
2115,2207,6,1.0
2116,2209,3,1.0
2117,2210,-1,0.0
2118,2211,-1,0.0
2119,2212,10,1.0
2120,2213,2,0.851849222687584
2121,2214,2,0.24719236685626944
2122,2215,10,1.0
2123,2216,10,0.9729131489963055
2124,2217,10,1.0
2125,2218,9,1.0
2126,2219,10,1.0
2127,2220,-1,0.0
2128,2221,2,0.7684231833435614
2129,2222,-1,0.0
2130,2223,10,1.0
2131,2224,10,1.0
2132,2225,-1,0.0
2133,2226,8,1.0
2134,2227,4,1.0
2135,2228,10,1.0
2136,2229,9,0.9734565926214498
2137,2230,10,0.5998221517908034
2138,2231,8,0.9276017709384784
2139,2232,-1,0.0
2140,2233,6,1.0
2141,2234,5,0.9767446733069197
2142,2235,2,0.48608007486417787
2143,2236,-1,0.0
2144,2237,10,1.0
2145,2238,10,1.0
2146,2239,10,1.0
2147,2240,2,0.13071642750796392
2148,2241,-1,0.0
2149,2242,2,0.48608007486417787
2150,2243,-1,0.0
2151,2244,10,1.0
2152,2245,-1,0.0
2153,2246,10,1.0
2154,2247,2,0.6358207029372465
2155,2248,-1,0.0
2156,2249,2,0.37732139893155964
2157,2250,0,0.618157835195882
2158,2251,10,1.0
2159,2252,6,1.0
2160,2253,-1,0.0
2161,2254,10,0.8775439601683654
2162,2255,0,1.0
2163,2256,2,0.822301108879759
2164,2257,10,1.0
2165,2258,8,0.8434555109415078
2166,2259,2,0.8821892444740609
2167,2260,2,0.7845155175091679
2168,2261,-1,0.0
2169,2262,10,1.0
2170,2263,2,0.3657539931897705
2171,2264,10,0.6223241583007302
2172,2265,-1,0.0
2173,2266,1,1.0
2174,2267,2,0.2500292984205585
2175,2268,10,1.0
2176,2269,10,1.0
2177,2270,10,0.9974583659845367
2178,2271,10,1.0
2179,2272,1,1.0
2180,2273,-1,0.0
2181,2274,10,1.0
2182,2275,10,1.0
2183,2276,2,0.564642767902898
2184,2277,10,1.0
2185,2278,-1,0.0
2186,2279,9,0.9764430182862296
2187,2280,8,0.9463464815450046
2188,2281,4,1.0
2189,2282,-1,0.0
2190,2283,10,1.0
2191,2284,-1,0.0
2192,2285,7,1.0
2193,2286,4,1.0
2194,2287,8,1.0
2195,2288,-1,0.0
2196,2289,-1,0.0
2197,2290,9,1.0
2198,2291,-1,0.0
2199,2292,10,1.0
2200,2293,10,1.0
2201,2294,-1,0.0
2202,2295,-1,0.0
2203,2296,-1,0.0
2204,2297,5,0.9431238638710897
2205,2298,-1,0.0
2206,2299,10,1.0
2207,2300,10,1.0
2208,2301,10,0.945708148351032
2209,2302,0,0.5057681235367906
2210,2303,2,0.2853018561552651
2211,2304,10,1.0
2212,2305,8,1.0
2213,2306,2,0.5532831769990164
2214,2307,10,0.9705727168511307
2215,2308,10,1.0
2216,2309,2,1.0
2217,2310,10,1.0
2218,2311,9,0.9326534699729054
2219,2312,8,1.0
2220,2313,9,0.9975329353801416
2221,2314,10,1.0
2222,2315,10,1.0
2223,2316,10,1.0
2224,2317,10,1.0
2225,2318,-1,0.0
2226,2319,-1,0.0
2227,2320,-1,0.0
2228,2321,-1,0.0
2229,2322,9,1.0
2230,2323,10,1.0
2231,2324,10,1.0
2232,2325,2,0.2853018561552651
2233,2326,-1,0.0
2234,2327,10,1.0
2235,2328,-1,0.0
2236,2329,-1,0.0
2237,2330,-1,0.0
2238,2331,-1,0.0
2239,2332,7,1.0
2240,2333,-1,0.0
2241,2334,-1,0.0
2242,2335,10,0.6242400736581746
2243,2336,-1,0.0
2244,2337,-1,0.0
2245,2338,-1,0.0
2246,2339,10,1.0
2247,2340,10,1.0
2248,2341,-1,0.0
2249,2342,-1,0.0
2250,2343,2,1.0
2251,2344,10,1.0
2252,2345,-1,0.0
2253,2346,10,1.0
2254,2347,3,1.0
2255,2348,2,0.7933114695055979
2256,2349,-1,0.0
2257,2350,2,1.0
2258,2351,10,1.0
2259,2352,4,1.0
2260,2353,10,1.0
2261,2354,-1,0.0
2262,2355,2,0.2853018561552651
2263,2356,2,0.787341466447659
2264,2357,-1,0.0
2265,2358,10,1.0
2266,2359,2,0.4304781679829297
2267,2360,10,1.0
2268,2361,2,0.915796546394232
2269,2362,2,0.48608007486417787
2270,2363,10,1.0
2271,2364,10,1.0
2272,2365,2,0.5120535926466305
2273,2366,0,1.0
2274,2367,10,0.651963262954794
2275,2368,-1,0.0
2276,2369,-1,0.0
2277,2370,-1,0.0
2278,2371,10,0.9093862364154464
2279,2372,10,1.0
2280,2373,8,0.9742051794041754
2281,2374,7,1.0
2282,2375,2,0.3737585884945342
2283,2376,2,0.42669511270125904
2284,2377,10,1.0
2285,2378,10,1.0
2286,2379,10,1.0
2287,2380,10,0.8192785476196316
2288,2381,5,0.9344583077262951
2289,2382,-1,0.0
2290,2383,5,1.0
2291,2384,10,1.0
2292,2385,-1,0.0
2293,2386,10,1.0
2294,2387,2,0.7684231833435614
2295,2388,-1,0.0
2296,2389,8,0.8684650233376398
2297,2390,2,0.48608007486417787
2298,2391,-1,0.0
2299,2392,2,0.41362464997223775
2300,2393,1,1.0
2301,2394,-1,0.0
2302,2395,-1,0.0
2303,2396,2,0.24484908148458903
2304,2397,4,1.0
2305,2398,10,1.0
2306,2399,6,1.0
2307,2400,2,1.0
2308,2401,10,1.0
2309,2402,-1,0.0
2310,2403,2,0.9533162401221144
2311,2404,10,1.0
2312,2405,10,1.0
2313,2406,-1,0.0
2314,2407,-1,0.0
2315,2408,10,1.0
2316,2409,10,1.0
2317,2410,2,0.8556130223483941
2318,2411,2,0.9256431614110081
2319,2413,2,0.8197000564065896
2320,2414,2,0.7792840327948698
2321,2415,-1,0.0
2322,2416,9,0.9628509318653385
2323,2417,-1,0.0
2324,2418,7,1.0
2325,2419,0,1.0
2326,2420,2,0.4857649488455364
2327,2421,6,0.8418047395846879
2328,2423,-1,0.0
2329,2424,7,1.0
2330,2425,10,1.0
2331,2426,9,0.9770728330843641
2332,2427,8,0.8621181485772861
2333,2428,10,1.0
2334,2429,5,1.0
2335,2430,-1,0.0
2336,2431,8,1.0
2337,2432,7,1.0
2338,2433,10,1.0
2339,2434,10,1.0
2340,2435,-1,0.0
2341,2436,2,0.4652064311257021
2342,2437,3,1.0
2343,2438,9,1.0
2344,2439,10,1.0
2345,2440,10,1.0
2346,2441,10,1.0
2347,2442,-1,0.0
2348,2443,10,0.8531128928099257
2349,2444,4,1.0
2350,2445,2,0.5430539290993117
2351,2446,10,0.9093862364154464
2352,2447,10,1.0
2353,2448,10,0.9093862364154464
2354,2449,10,1.0
2355,2450,10,1.0
2356,2451,-1,0.0
2357,2452,2,0.26976559858040033
2358,2453,-1,0.0
2359,2454,3,0.8310019955128344
2360,2455,10,1.0
2361,2456,1,1.0
2362,2457,-1,0.0
2363,2458,3,1.0
2364,2459,8,1.0
2365,2460,-1,0.0
2366,2461,0,0.8110555431694425
2367,2462,-1,0.0
2368,2463,2,1.0
2369,2464,10,1.0
2370,2465,10,1.0
2371,2466,5,1.0
2372,2467,10,1.0
2373,2468,10,1.0
2374,2469,10,1.0
2375,2470,10,0.8849882913766729
2376,2471,8,1.0
2377,2472,-1,0.0
2378,2473,10,1.0
2379,2474,0,1.0
2380,2475,10,1.0
2381,2476,10,1.0
2382,2477,10,0.9410150762646358
2383,2478,2,0.48608007486417787
2384,2479,-1,0.0
2385,2480,-1,0.0
2386,2481,-1,0.0
2387,2482,7,1.0
2388,2483,-1,0.0
2389,2484,6,1.0
2390,2485,-1,0.0
2391,2486,10,1.0
2392,2487,10,0.8930504556826422
2393,2488,2,0.2681643853442923
2394,2489,10,1.0
2395,2490,8,1.0
2396,2491,9,0.9777518341722948
2397,2492,4,1.0
2398,2493,2,0.44787047633276805
2399,2494,-1,0.0
2400,2497,-1,0.0
2401,2498,0,1.0
2402,2499,0,0.6802277367973373
2403,2500,10,1.0
2404,2501,-1,0.0
2405,2502,2,0.22942357155543766
2406,2503,10,1.0
2407,2504,10,1.0
2408,2505,-1,0.0
2409,2506,-1,0.0
2410,2507,10,1.0
2411,2508,10,1.0
2412,2509,-1,0.0
2413,2510,-1,0.0
2414,2511,5,1.0
2415,2512,-1,0.0
2416,2513,8,0.8899658304865907
2417,2514,2,0.7131924555503202
2418,2515,10,1.0
2419,2516,7,1.0
2420,2517,4,1.0
2421,2518,10,1.0
2422,2519,2,0.2740430530066616
2423,2520,-1,0.0
2424,2521,-1,0.0
2425,2522,-1,0.0
2426,2523,10,0.9673506532648517
2427,2524,10,1.0
2428,2525,6,1.0
2429,2526,2,0.8843719307747014
2430,2527,10,1.0
2431,2528,-1,0.0
2432,2529,2,0.9845968817927098
2433,2530,5,1.0
2434,2531,4,1.0
2435,2532,8,1.0
2436,2533,-1,0.0
2437,2534,10,1.0
2438,2535,-1,0.0
2439,2536,-1,0.0
2440,2537,-1,0.0
2441,2538,-1,0.0
2442,2539,10,1.0
2443,2540,10,0.8018948853669235
2444,2541,-1,0.0
2445,2542,2,0.16683870201375
2446,2543,-1,0.0
2447,2544,10,1.0
2448,2545,-1,0.0
2449,2546,-1,0.0
2450,2547,10,1.0
2451,2548,1,1.0
2452,2549,5,1.0
2453,2550,5,1.0
2454,2551,2,0.41468079657233764
2455,2552,10,0.8897039742930004
2456,2553,-1,0.0
2457,2554,-1,0.0
2458,2555,10,1.0
2459,2556,10,1.0
2460,2557,-1,0.0
2461,2558,-1,0.0
2462,2559,5,0.9698736592624897
2463,2560,10,0.7513325909316754
2464,2562,-1,0.0
2465,2563,-1,0.0
2466,2564,2,0.48608007486417787
2467,2565,10,1.0
2468,2566,10,1.0
2469,2569,2,0.4232173855564081
2470,2570,-1,0.0
2471,2571,10,1.0
2472,2572,10,1.0
2473,2573,-1,0.0
2474,2574,-1,0.0
2475,2575,3,1.0
2476,2576,-1,0.0
2477,2577,10,1.0
2478,2578,10,1.0
2479,2579,10,1.0
2480,2580,10,1.0
2481,2581,0,0.6657549187041264
2482,2582,2,0.537680321449048
2483,2583,10,1.0
2484,2584,-1,0.0
2485,2585,8,0.9139868099343165
2486,2586,10,1.0
2487,2587,-1,0.0
2488,2588,10,1.0
2489,2589,10,1.0
2490,2590,10,1.0
2491,2591,-1,0.0
2492,2592,-1,0.0
2493,2593,-1,0.0
2494,2594,10,1.0
2495,2595,10,1.0
2496,2596,-1,0.0
2497,2597,2,0.9256431614110081
2498,2598,-1,0.0
2499,2599,10,0.657416031409898
2500,2600,1,1.0
2501,2601,10,1.0
2502,2602,2,1.0
2503,2603,3,1.0
2504,2604,2,0.8474816837715228
2505,2605,2,0.9328846939772365
2506,2606,6,0.9951709543465987
2507,2607,6,1.0
2508,2608,7,1.0
2509,2609,-1,0.0
2510,2610,-1,0.0
2511,2611,-1,0.0
2512,2612,5,0.9737021275777455
2513,2613,10,1.0
2514,2614,10,0.8912193227632912
2515,2615,-1,0.0
2516,2616,2,0.9599987455689899
2517,2617,5,1.0
2518,2618,-1,0.0
2519,2619,0,0.5123294498573208
2520,2620,-1,0.0
2521,2621,-1,0.0
2522,2622,2,0.8742253943862888
2523,2623,8,0.9251685076089237
2524,2624,-1,0.0
2525,2625,6,0.8801678798317094
2526,2626,-1,0.0
2527,2627,-1,0.0
2528,2628,10,0.9093862364154464
2529,2629,10,1.0
2530,2630,10,1.0
2531,2631,2,0.9331059454991429
2532,2632,10,1.0
2533,2633,-1,0.0
2534,2634,-1,0.0
2535,2635,2,0.991736385629867
2536,2636,-1,0.0
2537,2637,10,1.0
2538,2639,0,1.0
2539,2640,10,0.9612191986658618
2540,2641,2,0.9256431614110081
2541,2642,-1,0.0
2542,2643,-1,0.0
2543,2644,-1,0.0
2544,2645,2,0.48608007486417787
2545,2646,2,0.7978948954950054
2546,2647,-1,0.0
2547,2648,4,1.0
2548,2649,10,1.0
2549,2650,5,1.0
2550,2651,10,0.8938420484479749
2551,2652,-1,0.0
2552,2653,8,0.9062630210959269
2553,2654,10,0.9928753028569473
2554,2655,10,1.0
2555,2656,5,1.0
2556,2657,10,1.0
2557,2659,10,1.0
2558,2661,10,1.0
2559,2662,6,1.0
2560,2663,-1,0.0
2561,2664,3,0.89318331608057
2562,2665,-1,0.0
2563,2666,-1,0.0
2564,2667,-1,0.0
2565,2668,10,1.0
2566,2671,-1,0.0
2567,2672,6,1.0
2568,2673,-1,0.0
2569,2674,2,0.3661831589755296
2570,2678,2,0.7832290972407906
2571,2679,-1,0.0
2572,2680,10,1.0
2573,2681,10,1.0
2574,2682,2,0.9256431614110081
2575,2683,10,1.0
2576,2684,10,1.0
2577,2685,-1,0.0
2578,2686,-1,0.0
2579,2687,7,1.0
2580,2688,10,1.0
2581,2689,2,0.7305264066481171
2582,2690,7,1.0
2583,2691,9,1.0
2584,2692,2,0.7288612759159031
2585,2693,9,0.9876219518829809
2586,2694,3,1.0
2587,2695,10,1.0
2588,2696,7,1.0
2589,2697,10,1.0
2590,2698,-1,0.0
2591,2699,10,1.0
2592,2700,-1,0.0
2593,2701,10,1.0
2594,2702,-1,0.0
2595,2703,10,1.0
2596,2704,10,1.0
2597,2705,-1,0.0
2598,2706,9,0.9649586008341372
2599,2707,10,0.780273584999628
2600,2708,-1,0.0
2601,2709,10,1.0
2602,2710,0,0.6266662234874124
2603,2711,10,1.0
2604,2712,10,1.0
2605,2713,-1,0.0
2606,2714,10,1.0
2607,2715,-1,0.0
2608,2716,2,0.48608007486417787
2609,2717,-1,0.0
2610,2718,-1,0.0
2611,2719,2,0.24387496734717304
2612,2720,2,0.2853018561552651
2613,2721,0,0.5833996295924205
2614,2722,10,1.0
2615,2723,-1,0.0
2616,2724,8,0.9184529165057435
2617,2725,2,0.7122004994379392
2618,2726,2,1.0
2619,2727,2,0.9772826905263703
2620,2728,2,1.0
2621,2729,2,0.8932651214401903
2622,2730,2,0.8295525264957612
2623,2731,-1,0.0
2624,2732,-1,0.0
2625,2733,10,1.0
2626,2734,-1,0.0
2627,2735,-1,0.0
2628,2736,0,0.5828766865699183
2629,2737,-1,0.0
2630,2738,-1,0.0
2631,2739,-1,0.0
2632,2740,-1,0.0
2633,2741,-1,0.0
2634,2742,-1,0.0
2635,2743,2,0.42321681876552325
2636,2744,8,0.9590922703569266
2637,2745,-1,0.0
2638,2746,-1,0.0
2639,2747,10,1.0
2640,2748,-1,0.0
2641,2749,10,0.6613238710575526
2642,2750,2,0.3650189988287747
2643,2751,1,1.0
2644,2752,-1,0.0
2645,2753,10,1.0
2646,2754,-1,0.0
2647,2755,0,1.0
2648,2756,2,0.32526641554730995
2649,2757,2,0.39943908955785246
2650,2758,2,0.552559437351078
2651,2759,-1,0.0
2652,2760,-1,0.0
2653,2761,-1,0.0
2654,2762,-1,0.0
2655,2763,-1,0.0
2656,2764,-1,0.0
2657,2766,-1,0.0
2658,2767,-1,0.0
2659,2768,-1,0.0
2660,2769,10,1.0
2661,2770,-1,0.0
2662,2771,8,0.9188490175637819
2663,2772,-1,0.0
2664,2773,-1,0.0
2665,2774,8,0.9620526561211956
2666,2775,10,0.8763966416914384
2667,2776,10,1.0
2668,2777,3,1.0
2669,2778,10,1.0
2670,2779,10,1.0
2671,2780,10,1.0
2672,2781,-1,0.0
2673,2782,10,1.0
2674,2783,10,1.0
2675,2784,-1,0.0
2676,2785,10,1.0
2677,2786,10,1.0
2678,2787,9,1.0
2679,2788,10,1.0
2680,2789,10,1.0
2681,2790,10,1.0
2682,2791,10,1.0
2683,2792,0,0.6864350590955415
2684,2793,-1,0.0
2685,2794,0,0.6318727040662326
2686,2795,-1,0.0
2687,2796,-1,0.0
2688,2797,2,0.8304462471131032
2689,2798,10,1.0
2690,2799,-1,0.0
2691,2800,0,0.5398454883155974
2692,2801,-1,0.0
2693,2802,10,1.0
2694,2803,-1,0.0
2695,2804,-1,0.0
2696,2805,-1,0.0
2697,2806,-1,0.0
2698,2807,10,1.0
2699,2808,10,1.0
2700,2809,9,1.0
2701,2810,2,0.4319071399649068
2702,2811,10,0.7953564854378611
2703,2812,10,1.0
2704,2813,3,0.7416950859394522
2705,2814,9,1.0
2706,2815,0,0.4734806240545138
2707,2816,10,1.0
2708,2817,7,0.984598667775245
2709,2818,-1,0.0
2710,2819,-1,0.0
2711,2820,-1,0.0
2712,2821,-1,0.0
2713,2822,10,1.0
2714,2823,10,1.0
2715,2824,7,1.0
2716,2825,-1,0.0
2717,2826,-1,0.0
2718,2827,10,1.0
2719,2828,4,1.0
2720,2829,-1,0.0
2721,2830,-1,0.0
2722,2831,-1,0.0
2723,2832,8,1.0
2724,2833,10,1.0
2725,2834,6,1.0
2726,2835,10,1.0
2727,2836,2,0.3294287943669517
2728,2837,2,0.1919997875262238
2729,2838,-1,0.0
2730,2839,2,0.1704369799752022
2731,2840,-1,0.0
2732,2841,-1,0.0
2733,2842,-1,0.0
2734,2843,-1,0.0
2735,2844,-1,0.0
2736,2845,10,0.6508328553086166
2737,2846,10,1.0
2738,2847,-1,0.0
2739,2848,7,1.0
2740,2849,9,0.9840549485541852
2741,2850,3,0.8021522354113301
2742,2851,-1,0.0
2743,2852,3,1.0
2744,2853,-1,0.0
2745,2854,6,0.99805873747307
2746,2855,10,1.0
2747,2857,-1,0.0
2748,2858,10,1.0
2749,2859,0,0.8164872558776078
2750,2860,-1,0.0
2751,2861,0,0.5861576211425259
2752,2862,-1,0.0
2753,2863,-1,0.0
2754,2864,6,1.0
2755,2865,-1,0.0
2756,2866,-1,0.0
2757,2867,1,1.0
2758,2868,10,0.9710104210736674
2759,2869,10,1.0
2760,2872,-1,0.0
2761,2873,-1,0.0
2762,2874,10,1.0
2763,2875,2,0.711768864854072
2764,2876,10,1.0
2765,2877,-1,0.0
2766,2878,-1,0.0
2767,2879,10,1.0
2768,2880,2,0.47083172915404653
2769,2882,6,1.0
2770,2883,-1,0.0
2771,2884,-1,0.0
2772,2885,10,1.0
2773,2886,10,0.9937814432931713
2774,2892,0,0.9953015385639925
2775,2893,-1,0.0
2776,2894,-1,0.0
2777,2895,-1,0.0
2778,2896,3,0.8406309934750784
2779,2897,-1,0.0
2780,2898,2,0.2853018561552651
2781,2899,-1,0.0
2782,2900,10,1.0
2783,2901,-1,0.0
2784,2902,10,1.0
2785,2903,10,1.0
2786,2905,1,1.0
2787,2906,0,0.6521340974417923
2788,2908,1,1.0
2789,2909,10,1.0
2790,2910,0,1.0
2791,2911,10,1.0
2792,2912,4,1.0
2793,2913,-1,0.0
2794,2919,-1,0.0
2795,2920,10,1.0
2796,2922,10,1.0
2797,2924,-1,0.0
2798,2925,-1,0.0
2799,2926,0,0.5990122477819565
2800,2927,2,0.20756940801997215
2801,2928,-1,0.0
2802,2929,2,0.2853018561552651
2803,2931,2,0.2773432365356003
2804,2932,-1,0.0
2805,2933,2,0.30979999346270237
2806,2934,2,0.48608007486417787
2807,2935,-1,0.0
2808,2940,2,1.0
2809,2941,2,0.9456090242582064
2810,2942,-1,0.0
2811,2943,-1,0.0
2812,2944,-1,0.0
2813,2945,7,0.9984024376171085
2814,2946,10,1.0
2815,2947,2,0.9599861216495962
2816,2948,0,0.6183498212034361
2817,2949,10,1.0
2818,2950,10,1.0
2819,2951,2,0.9256431614110081
2820,2952,2,0.1357446783650675
2821,2953,4,1.0
2822,2954,10,1.0
2823,2955,-1,0.0
2824,2956,-1,0.0
2825,2957,-1,0.0
2826,2958,2,0.3784123630088369
2827,2959,-1,0.0
2828,2960,-1,0.0
2829,2961,-1,0.0
2830,2962,0,0.6844780083467447
2831,2963,-1,0.0
2832,2964,-1,0.0
2833,2965,3,0.9522563177245587
2834,2966,-1,0.0
2835,2967,5,1.0
2836,2968,-1,0.0
2837,2969,10,1.0
2838,2970,-1,0.0
2839,2972,8,0.8661891188868641
2840,2973,2,0.18300546089726863
2841,2974,2,0.2989443505878918
2842,2975,-1,0.0
2843,2976,-1,0.0
2844,2977,10,1.0
2845,2978,10,1.0
2846,2979,2,0.38399999999997136
2847,2980,2,0.2853018561552651
2848,2981,-1,0.0
2849,2982,10,0.8928108464128268
2850,2983,9,0.9326502696106791
2851,2984,1,1.0
2852,2985,-1,0.0
2853,2986,10,0.9418657204105161
2854,2987,2,0.9599904071690714
2855,2988,10,1.0
2856,2989,10,1.0
2857,2990,10,1.0
2858,2991,-1,0.0
2859,2993,2,0.9256431614110081
2860,2994,-1,0.0
2861,2995,2,0.7279821670581346
2862,2996,2,0.5371525330166167
2863,2997,10,1.0
2864,2998,10,1.0
2865,2999,0,0.683872057174909
2866,3000,10,1.0
2867,3001,-1,0.0
2868,3002,-1,0.0
2869,3003,-1,0.0
2870,3004,2,0.39206453248529044
2871,3005,2,0.9256431614110081
2872,3006,-1,0.0
2873,3007,10,1.0
2874,3009,2,0.48608007486417787
2875,3010,2,0.48608007486417787
2876,3011,2,0.5594265930279008
2877,3012,-1,0.0
2878,3013,-1,0.0
2879,3014,-1,0.0
2880,3015,-1,0.0
2881,3016,10,1.0
2882,3017,2,1.0
2883,3018,-1,0.0
2884,3019,2,1.0
2885,3020,5,0.9850530583318065
2886,3021,1,1.0
2887,3022,10,1.0
2888,3023,-1,0.0
2889,3024,2,0.9328846939772365
2890,3025,10,1.0
2891,3027,2,0.363147144179906
2892,3028,0,0.6440564577431159
2893,3029,0,1.0
2894,3030,10,0.6221031584303598
2895,3031,-1,0.0
2896,3032,8,1.0
2897,3033,10,1.0
2898,3034,2,0.8205102387024995
2899,3039,3,1.0
2900,3040,10,0.9093862364154464
2901,3041,-1,0.0
2902,3042,-1,0.0
2903,3043,0,0.564310294486378
2904,3044,2,0.7255349424647131
2905,3045,-1,0.0
2906,3046,2,0.4793600507783415
2907,3047,10,1.0
2908,3048,10,1.0
2909,3049,8,0.8954166690589626
2910,3050,10,0.8955235478795485
2911,3051,1,1.0
2912,3052,10,0.7565019277140428
2913,3053,2,0.2853018561552651
2914,3054,10,1.0
2915,3055,10,1.0
2916,3056,10,1.0
2917,3057,10,1.0
2918,3058,10,1.0
2919,3059,10,0.9830260196174595
2920,3060,9,0.9763274223242618
2921,3061,10,0.970611586748474
2922,3062,-1,0.0
2923,3063,8,0.9872379795039249
2924,3064,10,1.0
2925,3065,10,1.0
2926,3066,-1,0.0
2927,3067,10,1.0
2928,3068,10,1.0
2929,3069,10,1.0
2930,3071,-1,0.0
2931,3072,9,1.0
2932,3073,8,0.9072635395057913
2933,3074,-1,0.0
2934,3075,10,1.0
2935,3076,8,1.0
2936,3077,10,1.0
2937,3078,4,1.0
2938,3079,-1,0.0
2939,3080,0,0.5425504734537695
2940,3081,-1,0.0
2941,3082,-1,0.0
2942,3083,-1,0.0
2943,3084,2,0.9214717378111889
2944,3085,10,1.0
2945,3086,9,1.0
2946,3087,10,0.9093862364154464
2947,3088,-1,0.0
2948,3089,10,1.0
2949,3091,0,0.6603163004007244
2950,3092,-1,0.0
2951,3093,-1,0.0
2952,3094,10,1.0
2953,3095,10,1.0
2954,3096,-1,0.0
2955,3097,-1,0.0
2956,3098,10,1.0
2957,3099,9,1.0
2958,3100,-1,0.0
2959,3101,10,0.7072803409212718
